{
	"name": "Jupiter",
	"model_path": "res://content/scenes/model_scenes/jupiter/jupiter.tscn",
	"radius": 69911,
	"rotation_period": 35729.711,
    "rotation_multiplier": 870.5360000,
	"satellites": [
        {
            "name": "Io",
            "body": {
                "model_path": "res://content/scenes/model_scenes/jupiter/io.tscn",
                "radius": 1821.49,
                "rotation_period": 153054.3663261806,
                "rotation_multiplier": 0.0
            },
            "orbit": {
                "orbit_period": 153054.3663261806,
                "orbit_inclination": 2.182680703188572,
                "semimajor_axis": 422047.0440261553,
                "eccentricity": 0.004703257397991913,
                "mean_anomaly": 341.8207270755089,
                "mean_motion": 0.002352105390007554,
                "periapsis_passage_time": 2460642.589455282316             
            }
        },
        {
            "name": "Europa",
            "body": {
                "model_path": "res://content/scenes/model_scenes/jupiter/europa.tscn",
                "radius": 1560.8,
                "rotation_period": 307033.0905132898,
                "rotation_multiplier": 0.0
            },
            "orbit": {
                "orbit_period": 307033.0905132898,
                "orbit_inclination": 2.255010122419680,
                "semimajor_axis": 671301.0904373353,
                "eccentricity": 0.009223043860873748,
                "mean_anomaly": 169.2809493346113,
                "mean_motion": 0.001172512055290723,
                "periapsis_passage_time": 2460640.828997780569
            }
        },
        {
            "name": "Ganymede",
            "body": {
                "model_path": "res://content/scenes/model_scenes/jupiter/ganymede.tscn",
                "radius": 2631.2,
                "rotation_period": 618422.3995695959,
                "rotation_multiplier": 0.0
            },
            "orbit": {
                "orbit_period": 618422.3995695959,
                "orbit_inclination": 2.331955980079799,
                "semimajor_axis": 1070676.678492121,
			    "eccentricity": 0.001139349840106658,
                "mean_anomaly": 83.29234485959708,
                "mean_motion": 0.0005821263916872182,
                "periapsis_passage_time": 2460640.843947666697     		
            }            
        },
        {
            "name": "Callisto",
            "body": {
                "model_path": "res://content/scenes/model_scenes/jupiter/callisto.tscn",
                "radius": 2410.3,
                "rotation_period": 1443567.117132759,
                "rotation_multiplier": 0.0
            },
            "orbit": {
                "orbit_period": 1443567.117132759,
                "orbit_inclination": 1.949754737518573,
                "semimajor_axis": 1884038.446316082,
                "eccentricity": 0.007129689804924198,
                "mean_anomaly": 107.0935480793774,
                "mean_motion": 0.0002493822391265319,
                "periapsis_passage_time": 2460637.529683498666		
            }			
        }
    ],
	"info_points": []
}
